{
    "0": {
        "Im": 0.28339839514153836,
        "kir": 0.8159161388284645,
        "naf": 1.0320114758756536,
        "cal12": 0.5135574693877948,
        "cal13": 0.39693897056966004,
        "can": 0.6817192352572483,
        "kaf": 1.0536986343065724
    },
    "1": {
        "Im": 0.22717060788086252,
        "kir": 0.8749937152497773,
        "naf": 1.1726339440852458,
        "cal12": 0.5755982736752845,
        "cal13": 0.3796617841074148,
        "can": 0.7560898679178516,
        "kaf": 0.6796026032794045
    },
    "2": {
        "Im": 0.05269489873708602,
        "kir": 0.8055896112668375,
        "naf": 1.0584206799647375,
        "cal12": 0.5324080032653937,
        "cal13": 0.4113797751577166,
        "can": 0.8391462625170332,
        "kaf": 0.9831345906153965
    },
    "3": {
        "Im": 0.035769276767345516,
        "kir": 0.9085338339240242,
        "naf": 1.0078458613773835,
        "cal12": 0.5273804748629505,
        "cal13": 0.42252413593802723,
        "can": 0.674412373102461,
        "kaf": 0.015604591981885907
    },
    "4": {
        "Im": 0.08092318756329164,
        "kir": 0.9958158410173332,
        "naf": 1.1544190255125364,
        "cal12": 0.6260817816887259,
        "cal13": 0.4295301592783713,
        "can": 0.7226962922030804,
        "kaf": 2.8119035980513543
    },
    "5": {
        "Im": 0.2352255949961035,
        "kir": 0.9530902389175978,
        "naf": 1.1958636191543988,
        "cal12": 0.44596031032457395,
        "cal13": 0.32341755088442947,
        "can": 0.7899656326376502,
        "kaf": 1.5199548935790475
    },
    "6": {
        "Im": 0.3432539919135768,
        "kir": 0.8793498257403523,
        "naf": 1.1596404798387687,
        "cal12": 0.5196400451573784,
        "cal13": 0.5691811834866094,
        "can": 0.771636221257014,
        "kaf": 2.2078985317536226
    },
    "7": {
        "Im": 0.046360936767506855,
        "kir": 0.906226818708806,
        "naf": 1.017069773108265,
        "cal12": 0.4935638985402372,
        "cal13": 0.6063881150283158,
        "can": 0.7665359632503338,
        "kaf": 0.8092140816221427
    },
    "8": {
        "Im": 0.21337969657508446,
        "kir": 0.8864788879899684,
        "naf": 1.0742771643569407,
        "cal12": 0.5396285973063192,
        "cal13": 0.6573592481140967,
        "can": 0.7925715398601327,
        "kaf": 1.9834477366550773
    },
    "9": {
        "Im": 0.07696566137019573,
        "kir": 0.8945604328487224,
        "naf": 1.166217705680806,
        "cal12": 0.6481661277919556,
        "cal13": 0.439224863551569,
        "can": 0.7781384953859816,
        "kaf": 0.4722156895116947
    },
    "10": {
        "Im": 0.39351066965140213,
        "kir": 0.8456048287671432,
        "naf": 1.0841578465476687,
        "cal12": 0.6494046482643228,
        "cal13": 0.4798342018494296,
        "can": 0.846937160539696,
        "kaf": 1.8308309350159147
    }
}