{
    "meta": {
        "dist": "noAxon",
        "list": [
            "naf",
            "kas",
            "kaf",
            "kir",
            "cal12",
            "cal13",
            "can"
        ]
    },
    "0": {
        "naf": 0.7563188762545555,
        "kas": 0.7149207937171296,
        "kaf": 0.8451777264524535,
        "kir": 1.0792689569657223,
        "cal12": 1.238792984276469,
        "cal13": 1.3583388457009429,
        "can": 0.9487168074894285
    },
    "1": {
        "naf": 0.7584636137714333,
        "kas": 0.7474297139438675,
        "kaf": 0.8227035216437762,
        "kir": 1.2157743249181965,
        "cal12": 1.4500440150247913,
        "cal13": 1.714696831290597,
        "can": 0.7195800587544828
    },
    "2": {
        "naf": 0.7503039880477703,
        "kas": 0.8226863109514316,
        "kaf": 0.8044418232035266,
        "kir": 1.1643688685794706,
        "cal12": 1.7173277168504586,
        "cal13": 1.8970662464412609,
        "can": 0.2652193449741932
    },
    "3": {
        "naf": 0.7683884342670158,
        "kas": 0.6872844235910162,
        "kaf": 0.8363942257941492,
        "kir": 1.1207060462984209,
        "cal12": 1.6858728466188935,
        "cal13": 1.1950212879749058,
        "can": 0.8959179743644877
    },
    "4": {
        "naf": 0.7538307422636584,
        "kas": 0.7232204148031852,
        "kaf": 0.8358634913627122,
        "kir": 1.017767536478088,
        "cal12": 1.2348254282582685,
        "cal13": 1.4441879306071401,
        "can": 0.6903850279956427
    },
    "5": {
        "naf": 0.753277761062783,
        "kas": 0.7823784350996581,
        "kaf": 0.8077585099633878,
        "kir": 1.216017368868096,
        "cal12": 1.4188741383766947,
        "cal13": 1.2699355768935998,
        "can": 0.5383906351687173
    },
    "6": {
        "naf": 0.7599915231864528,
        "kas": 0.7369669792923701,
        "kaf": 0.8383425154699972,
        "kir": 0.9576247579366731,
        "cal12": 1.3039656387957896,
        "cal13": 1.5873239863688366,
        "can": 0.8205742144360655
    },
    "7": {
        "naf": 0.7636292489653365,
        "kas": 0.6627846128206829,
        "kaf": 0.845033557770861,
        "kir": 1.0849429179867915,
        "cal12": 1.137843413778856,
        "cal13": 1.0150658229369567,
        "can": 0.4201709002240035
    },
    "8": {
        "naf": 0.7590929457034856,
        "kas": 0.7050413688638436,
        "kaf": 0.8355305477643286,
        "kir": 1.065875308092304,
        "cal12": 1.7364416394928663,
        "cal13": 1.3040352590421609,
        "can": 0.7494107847837866
    },
    "9": {
        "naf": 0.7797034923851112,
        "kas": 0.7724873786912679,
        "kaf": 0.8473871103084291,
        "kir": 1.0072345864390635,
        "cal12": 1.7261911001261607,
        "cal13": 1.059919457786253,
        "can": 0.9760617531625887
    }
}